# english	house rendering	variants to flag (comma-separated)
harness	منظومة العمل (first use: الأدوات والقواعد التي تضبط تشغيل الوكلاء، أو ما يسمّى الـharness)	
evaluator	المقيِّم (book MSA) / `evaluator` (blog)	
context window	نافذة السياق	
progress file	ملف التقدّم	
container	الحاوية	
World 3 (Popper)	العالم 3	العالم الثالث
collaboration (research)	فريق بحثي	تعاون آخر
Therefore:	عشان هيك:	
the fold	الطيّة	
remembering is not knowing	التذكّر ليس معرفة	الذاكرة وحدها لا تعرف الصواب
knowledge becomes structure	تتحوّل المعرفة إلى بنية	
philosopher-builder	بنّاء فيلسوف	
simulacrum	المحاكاة المطلقة	
The Greatest Hallucination	الهلوسة الكبرى	
Ibn al-Haytham	ابن الهيثم	
A. I. Sabra	عبد الحميد صبرة	
Alpöge	ألبوغه (unconfirmed)	
