# english	book (literary MSA)	blog (Levantine)	variants to flag (comma-separated)	note
harness	منظومة العمل	harness		book: gloss once on first use (الأدوات والقواعد التي تضبط تشغيل الوكلاء، أو ما يسمّى الـharness)
evaluator	المقيِّم	evaluator		blog keeps the English, in code font where the source has it
context window	نافذة السياق	context window		
progress file	ملف التقدّم	progress file		
container	الحاوية	container		
World 3	العالم 3	العالم 3	العالم الثالث	Popper's World 3; «العالم الثالث» reads as the Third World
collaboration	فريق بحثي	فريق بحثي	تعاون آخر	a research collaboration; «تعاون» is a calque
Therefore:	لذلك:	عشان هيك:		Alexander's pattern lines (Ch 6)
the fold	الطيّة	الطيّة		gloss once: تعبير ورثته المواقع عن الصحف (Ch 5)
Remembering is not knowing	التذكّر ليس معرفة	التذكّر ليس معرفة	الذاكرة وحدها لا تعرف الصواب	Zen appendix; aphorism stays an aphorism
philosopher-builder	بنّاء فيلسوف	بنّاء فيلسوف		about-the-author
simulacrum	المحاكاة المطلقة	المحاكاة المطلقة		Al Jazeera op-ed
The Greatest Hallucination	الهلوسة الكبرى	الهلوسة الكبرى		Al Jazeera op-ed title
Ibn al-Haytham	ابن الهيثم	ابن الهيثم		restore Arab names to their Arabic forms
Sabra	عبد الحميد صبرة	عبد الحميد صبرة		A. I. Sabra
Alpöge	ألبوغه	ألبوغه		unconfirmed; ask the author
camel	جمل	جمل		seed (Ch 4, 11, 12): same word every time, never glossed
coffee	قهوة	قهوة		seed (preface, 2, 10 → 13 «Decaf.»): same word every time
octopus	أخطبوط	أخطبوط		seed (1, 4, 12 → 13): same word every time
cable	كابل	كابل	سلك	seed (preface «loose cable», 4, 5 → 13): same word every time, never explained
fax machine	فاكس	فاكس		seed (1 → 13): same word every time
cathedral	كاتدرائية	كاتدرائية		seed (preface → 3)
